Model Name,Training Loss,Validation Loss,Actual Performance,Number of Epochs, Learning Rate, Batch Size, Validation Split, Loss
srcnn_v3,-,-,9073.98577088845,20,-,-,-,rmse
subpixel_v1,-,-,8991.25640058194,20,-,-,-,rmse
dsrcnn_v2,-,-,8991.753261832257,15,-,-,-,rmse
dsrcnn_v5,-,-,8810.064527941484,20,-,-,-,rmse
esrcnn_v3,333.8792,332.3839,9094.358287261717,20,-,-,-,rmse
dsrcnn_v6,322.2022,314.4284,8642.87114574025,20,0.003,64,0.2,rmse
test_v1,308.5780,307.9666,8610.712955504896,20,0.001,64,0.1,rmse
test_v2,308.4724,306.7893,8482.672956455395,25,0.003,64,0.2,rmse
test_v3,307.1074,305.1457,8513.153750226575,30,0.001,64,0.1,rmse